5 Day Px,5 Day Vol,2 Day Px,2 Day Vol,Day Px,Day Vol,Next Day Px,Next 5 Day Px,Next 5 Day Up
113.0919676,27481480.0,114.3605995,32656900.0,114.997818,24462100,115.615723,115.847435,1
113.66352980000002,26617520.0,114.939884,29012000.0,115.615723,27588600,115.13298799999998,115.644691,1
114.38377380000001,27911620.0,115.3067705,26025350.0,115.13298799999998,27086200,114.930237,115.85708600000001,1
114.89354560000001,28890140.0,115.37435550000001,27337400.0,114.930237,26111900,115.85708600000001,115.934326,1
115.11174320000002,27762140.0,115.0316125,26599050.0,115.85708600000001,34439800,115.847435,115.828125,0
115.30677040000003,27937720.0,115.3936615,30275850.0,115.847435,23713000,115.644691,117.67218799999999,1
115.47669380000002,27787900.0,115.85226049999999,29076400.0,115.644691,25597300,115.85708600000001,117.73011799999999,1
115.48248740000001,27389640.0,115.74606299999998,24655150.0,115.85708600000001,32597900,115.934326,117.739769,1
115.62730700000002,28491980.0,115.75088849999997,29097600.0,115.934326,22050200,115.828125,117.43081699999999,1
115.82812480000003,27679640.0,115.89570599999998,27324050.0,115.828125,23211000,117.67218799999999,117.16049199999999,1
115.82233260000002,25433880.0,115.88122549999996,22630600.0,117.67218799999999,32377600,117.73011799999999,124.305,1
116.18728320000002,27166800.0,116.75015649999995,27794300.0,117.73011799999999,26337600,117.739769,124.092606,1
116.60436860000002,27314860.0,117.70115299999995,29357600.0,117.739769,20562900,117.43081699999999,124.62361899999999,1
116.98090520000002,24907860.0,117.73494349999993,23450250.0,117.43081699999999,30377500,117.16049199999999,125.79184,1
117.28020340000003,26573320.0,117.58529299999992,25470200.0,117.16049199999999,49201000,124.305,126.989029,1
117.54667680000003,31771320.0,117.29565449999991,39789250.0,124.305,111985000,124.092606,127.48141499999998,1
118.87323920000003,47692800.0,120.73274599999993,80593000.0,124.092606,33710400,124.62361899999999,128.402603,1
120.14573680000005,49167360.0,124.19880299999994,72847700.0,124.62361899999999,24507300,125.79184,128.11171000000002,1
121.52250680000004,49956240.0,124.35811249999992,29108850.0,125.79184,26845900,126.989029,129.246201,1
123.19471140000005,49249920.0,125.20772949999991,25676600.0,126.989029,38183800,127.48141499999998,130.923721,1
125.16041880000004,47046480.0,126.39043449999993,32514850.0,127.48141499999998,23004100,128.402603,131.39883400000002,1
125.79570180000005,29250300.0,127.23522199999994,30593950.0,128.402603,28349900,128.11171000000002,131.243729,1
126.65770120000005,28178200.0,127.94200899999993,25677000.0,128.11171000000002,20065500,129.246201,131.60249299999998,1
127.35531940000006,27289840.0,128.25715649999995,24207700.0,129.246201,23035400,130.923721,132.55275,1
128.04619160000007,26527740.0,128.67895549999997,21550450.0,130.923721,33226200,131.39883400000002,132.95031699999998,1
128.83313000000007,25536220.0,130.08496099999996,28130800.0,131.39883400000002,35623100,131.243729,132.387909,1
129.6166138000001,28060020.0,131.16127749999998,34424650.0,131.243729,22584600,131.60249299999998,132.51396200000002,1
130.1848390000001,26906960.0,131.3212815,29103850.0,131.60249299999998,22198200,132.55275,132.775772,1
130.8829956000001,27333500.0,131.42311099999998,22391400.0,132.55275,24507200,132.95031699999998,132.833969,1
131.5443054000001,27627860.0,132.07762149999996,23352700.0,132.95031699999998,20836900,132.387909,135.548996,1
131.94962460000008,25150000.0,132.75153349999997,22672050.0,132.387909,20788200,132.51396200000002,134.744186,1
132.1474396000001,22183020.0,132.66911299999995,20812550.0,132.51396200000002,21776600,132.775772,135.539307,1
132.40148620000008,22021420.0,132.45093549999999,21282400.0,132.775772,20257400,132.833969,135.11265600000002,1
132.6361420000001,21633260.0,132.64486699999998,21017000.0,132.833969,23482900,135.548996,135.287201,1
132.6923858000001,21428400.0,132.8048705,21870150.0,135.548996,36414600,134.744186,134.782974,0
133.2121216000001,24543940.0,134.1914825,29948750.0,134.744186,26211000,135.539307,134.472672,0
133.6833770000001,25628500.0,135.146591,31312800.0,135.539307,21108100,135.11265600000002,134.918732,0
134.28844600000008,25494800.0,135.1417465,23659550.0,135.11265600000002,21750000,135.287201,134.976898,0
134.7558228000001,25793320.0,135.3259815,21429050.0,135.287201,17446300,134.782974,134.77328500000002,0
135.2464692000001,24586000.0,135.1999285,19598150.0,134.782974,18707200,134.472672,136.198685,1
135.0932648000001,21044520.0,135.03508749999997,18076750.0,134.472672,22155900,134.918732,136.42169199999998,1
135.03896200000008,20233500.0,134.62782299999998,20431550.0,134.918732,19612800,134.976898,135.74295,1
134.91484700000007,19934440.0,134.69570199999998,20884350.0,134.976898,17421700,134.77328500000002,137.168365,1
134.88769540000007,19068780.0,134.947815,18517250.0,134.77328500000002,15309100,136.198685,135.59750400000001,1
134.78491220000006,18641340.0,134.8750915,16365400.0,136.198685,25691800,136.42169199999998,137.12956200000002,1
135.06805440000008,20038260.0,135.485985,20500450.0,136.42169199999998,19232000,135.74295,136.644714,1
135.45785840000008,19453480.0,136.31018849999998,22461900.0,135.74295,43885000,137.168365,136.37323,1
135.6227020000001,24307920.0,136.08232099999998,31558500.0,137.168365,21542000,135.59750400000001,136.60595700000002,0
136.06099540000008,25131980.0,136.45565749999997,32713500.0,135.59750400000001,39529900,137.12956200000002,139.437347,1
136.2258392000001,29976140.0,136.38293449999998,30535950.0,137.12956200000002,25860200,136.644714,139.74765,1
136.4120146000001,30009820.0,136.363533,32695050.0,136.644714,20346300,136.37323,139.563416,1
136.4566190000001,30232680.0,136.88713799999996,23103250.0,136.37323,22395600,136.60595700000002,139.301605,1
136.5826750000001,25934800.0,136.50897199999994,21370950.0,136.60595700000002,23575100,139.437347,139.340393,1
136.4701934000001,26341420.0,136.48959349999996,22985350.0,139.437347,33374800,139.74765,140.37793,1
137.2381620000001,25110400.0,138.02165199999996,28474950.0,139.74765,29190000,139.563416,139.650681,0
137.7617796000001,25776360.0,139.59249849999998,31282400.0,139.563416,21207300,139.301605,139.301605,0
138.34552000000008,25948560.0,139.65553299999996,25198650.0,139.301605,19661700,139.340393,138.991318,0
138.93119500000006,25401780.0,139.43251049999998,20434500.0,139.340393,19985700,140.37793,138.82646200000002,0
139.47808220000007,24683900.0,139.32099899999997,19823700.0,140.37793,19891400,139.650681,137.33320600000002,0
139.66619880000007,21987220.0,139.85916149999997,19938550.0,139.650681,27717900,139.301605,137.498032,0
139.64680500000006,21692800.0,140.01430549999995,23804650.0,139.301605,21149000,138.991318,136.770782,0
139.59444280000008,21681140.0,139.47614299999995,24433450.0,138.991318,16672200,138.82646200000002,137.52713,0
139.53238540000007,21083240.0,139.1464615,18910600.0,138.82646200000002,18933400,137.33320600000002,136.91622900000002,0
139.42959920000007,20872780.0,138.90888999999999,17802800.0,137.33320600000002,30379400,137.498032,136.412003,0
138.82065440000008,22970380.0,138.079834,24656400.0,137.498032,20350000,136.770782,138.118622,1
138.3901246000001,21496800.0,137.415619,25364700.0,136.770782,17822900,137.52713,137.953781,1
137.8839600000001,20831580.0,137.13440699999998,19086450.0,137.52713,16582100,136.91622900000002,139.282196,1
137.5911224000001,20813560.0,137.148956,17202500.0,136.91622900000002,14697500,136.412003,140.14518700000002,1
137.2090758000001,19966380.0,137.22167950000002,15639800.0,136.412003,17328400,138.118622,139.320984,1
137.02483520000013,17356180.0,136.664116,16012950.0,138.118622,23319600,137.953781,139.427643,1
137.1489532000001,17950100.0,137.2653125,20324000.0,137.953781,17320900,139.282196,139.291885,1
137.38555300000013,17849700.0,138.0362015,20320250.0,139.282196,17134300,140.14518700000002,142.132996,1
137.7365662000001,17960140.0,138.61798850000002,17227600.0,140.14518700000002,18871500,139.320984,143.034805,1
138.3823578000001,18794940.0,139.71369150000004,18002900.0,139.320984,20041200,139.427643,142.59845,1
138.96415400000012,19337500.0,139.73308550000004,19456350.0,139.427643,14246300,139.291885,142.084518,1
139.22595820000012,17522840.0,139.37431350000003,17143750.0,139.291885,20860400,142.132996,144.440811,1
139.49357900000012,18230740.0,139.359764,17553350.0,142.132996,33602900,143.034805,148.36792,1
140.06373900000014,21524460.0,140.7124405,27231650.0,143.034805,45352200,142.59845,149.31819199999998,1
140.64166260000016,26820600.0,142.58390050000003,39477550.0,142.59845,45697000,142.084518,148.610352,1
141.29715580000016,31951760.0,142.81662750000004,45524600.0,142.084518,23371900,144.440811,149.895569,1
141.82853080000015,33776880.0,142.34148400000004,34534450.0,144.440811,27327700,148.36792,151.988968,1
142.85831600000017,35070340.0,143.26266450000003,25349800.0,148.36792,48752400,149.31819199999998,151.599518,1
144.10530080000018,38100240.0,146.40436550000004,38040050.0,149.31819199999998,39130400,148.610352,151.375549,1
145.36197820000015,36855880.0,148.84305600000002,43941400.0,148.610352,25805700,149.895569,146.29303000000002,0
146.56435860000016,32877620.0,148.964272,32468050.0,149.895569,27255100,151.988968,148.522705,0
148.12656880000014,33654260.0,149.25296050000003,26530400.0,151.988968,32527000,151.599518,149.029007,0
149.63620020000016,34694120.0,150.9422685,29891050.0,151.599518,26009700,151.375549,149.93454,0
150.28251980000016,30145580.0,151.794243,29268350.0,151.375549,20048500,146.29303000000002,149.749542,0
150.69399120000017,26329200.0,151.48753349999998,23029100.0,146.29303000000002,50767700,148.522705,149.301636,1
150.23052680000018,31321600.0,148.8342895,35408100.0,148.522705,33568200,149.029007,149.81767299999998,1
149.95595400000016,32584220.0,147.4078675,42167950.0,149.029007,26960800,149.93454,149.564529,1
149.36396180000014,31470980.0,148.77585599999998,30264500.0,149.93454,22966400,149.749542,149.62295500000002,0
149.03096620000014,30862320.0,149.48177349999997,24963600.0,149.749542,19918900,149.301636,148.736908,0
148.70576480000017,30836400.0,149.842041,21442650.0,149.301636,19178000,149.81767299999998,149.14584399999998,0
149.30748600000015,24518460.0,149.52558900000002,19548450.0,149.81767299999998,19235600,149.564529,151.356079,1
149.56647960000015,21651940.0,149.55965450000002,19206800.0,149.564529,21927600,149.62295500000002,149.876099,1
149.67358400000018,20645300.0,149.691101,20581600.0,149.62295500000002,20126900,148.736908,150.38241599999998,1
149.61126700000017,20077400.0,149.59374200000002,21027250.0,148.736908,24451200,149.14584399999998,151.278198,1
149.40874020000018,20983860.0,149.1799315,22289050.0,149.14584399999998,16404100,151.356079,150.90820300000001,1
149.37758180000017,20429080.0,148.941376,20427650.0,151.356079,27770700,149.876099,145.05645800000002,0
149.68526300000016,22136100.0,150.25096150000002,22087400.0,149.876099,25331700,150.38241599999998,141.59024,0
149.74757700000018,22816920.0,150.61608900000004,26551200.0,150.38241599999998,26624900,151.278198,142.729416,0
149.89946920000017,24116520.0,150.12925750000005,25978300.0,151.278198,21069600,150.90820300000001,141.337067,0
150.40772720000015,23440200.0,150.83030700000003,23847250.0,150.90820300000001,21250800,145.05645800000002,140.48996,0
150.76019900000017,24409540.0,151.09320050000005,21160200.0,145.05645800000002,64882700,141.59024,138.523209,0
149.50027480000017,31831940.0,147.98233050000005,43066750.0,141.59024,72307300,142.729416,142.486008,1
147.84310300000016,41227060.0,143.32334900000004,68595000.0,142.729416,34165400,141.337067,141.19101,0
146.31250300000016,42735160.0,142.159828,53236350.0,141.337067,31531200,140.48996,142.028366,1
144.32427680000015,44827480.0,142.0332415,32848300.0,140.48996,32165400,138.523209,141.794708,1
142.24062820000012,47010400.0,140.91351350000002,31848300.0,138.523209,50361100,142.486008,142.427597,1
140.93397840000011,44106080.0,139.50658450000003,41263250.0,142.486008,32541400,141.19101,141.979691,0
141.11313200000012,36152900.0,140.50460850000002,41451250.0,141.19101,24900100,142.028366,139.944733,0
140.8054508000001,34299840.0,141.83850900000002,28720750.0,142.028366,21265800,141.794708,141.989441,0
140.94371060000012,32246760.0,141.609688,23082950.0,141.794708,19106300,142.427597,139.896042,0
141.20466020000012,29634940.0,141.911537,20186050.0,142.427597,35439400,141.979691,140.227097,0
141.98553780000012,26650600.0,142.1111525,27272850.0,141.979691,25692400,139.944733,139.72079499999998,0
141.88427440000012,25280800.0,142.203644,30565900.0,139.944733,24761900,141.989441,140.295242,1
141.6350190000001,25253160.0,140.96221200000002,25227150.0,141.989441,22082400,139.896042,138.971069,0
141.62723400000013,25416480.0,140.96708700000002,23422150.0,139.896042,31499400,140.227097,140.382874,1
141.24750080000013,27895100.0,140.9427415,26790900.0,140.227097,23024100,139.72079499999998,141.2397,1
140.80740080000012,25412040.0,140.0615695,27261750.0,139.72079499999998,14277800,140.295242,141.697327,1
140.35562160000012,23129120.0,139.973946,18650950.0,140.295242,21569600,138.971069,141.90181,1
140.4257234000001,22490660.0,140.00801850000005,17923700.0,138.971069,24128800,140.382874,143.878342,1
139.8220490000001,22899940.0,139.63315550000004,22849200.0,140.382874,19201700,141.2397,145.11488300000002,1
139.9194154000001,20440400.0,139.67697150000004,21665250.0,141.2397,21090600,141.697327,145.62117,1
140.12193600000012,20053700.0,140.81128700000002,20146150.0,141.697327,19781800,141.90181,146.12751799999998,1
140.51724240000013,21154500.0,141.46851350000003,20436200.0,141.90181,24884500,143.878342,147.04273999999998,1
140.83855600000012,21817480.0,141.79956850000002,22333150.0,143.878342,25199400,145.11488300000002,146.380661,1
141.8200106000001,22031600.0,142.89007600000002,25041950.0,145.11488300000002,20132100,145.62117,146.312531,1
142.7664124000001,22217680.0,144.49661250000003,22665750.0,145.62117,23793500,146.12751799999998,148.084564,1
143.64270640000012,22758260.0,145.36802650000004,21962800.0,146.12751799999998,17868800,147.04273999999998,148.717453,1
144.52874460000012,22375660.0,145.87434400000004,20831150.0,147.04273999999998,20923000,146.380661,149.418518,1
145.55693060000013,21583360.0,146.58512900000002,19395900.0,146.380661,17243700,146.312531,146.594864,1
146.05739440000013,19992220.0,146.7117005,19083350.0,146.312531,26252600,148.084564,145.562775,0
146.29692400000013,21216320.0,146.34659600000003,21748150.0,148.084564,21493200,148.717453,144.81303400000002,0
146.78960280000013,20756260.0,147.19854750000002,23872900.0,148.717453,18853900,149.418518,146.098297,0
147.30758980000013,20953280.0,148.4010085,20173550.0,149.418518,15781000,146.594864,153.001572,1
147.78274540000012,19924880.0,149.0679855,17317450.0,146.594864,32476300,145.562775,151.47293100000002,1
147.82558600000013,22971400.0,148.006691,24128650.0,145.562775,17213700,144.81303400000002,152.27131699999998,1
147.67563480000013,21163620.0,146.07881949999998,24845000.0,144.81303400000002,19845900,146.098297,154.627609,1
147.02132880000013,20834160.0,145.1879045,18529800.0,146.098297,35368600,153.001572,155.864151,1
146.49749760000014,24137100.0,145.4556655,27607250.0,153.001572,69936800,151.47293100000002,156.818329,1
147.21410840000013,34968260.0,149.5499345,52652700.0,151.47293100000002,27097300,152.27131699999998,151.82338000000001,1
148.18972180000011,33892460.0,152.2372515,48517050.0,152.27131699999998,20559900,154.627609,153.934753,1
149.5314302000001,34561700.0,151.87212399999999,23828600.0,154.627609,21870300,155.864151,156.251419,1
151.4943452000001,34966580.0,153.44946299999998,21215100.0,155.864151,36205900,156.818329,157.96199,1
153.44751600000012,35134040.0,155.24588,29038100.0,156.818329,26131500,151.82338000000001,157.32664499999998,1
154.21086740000013,26372980.0,156.34124,31168700.0,151.82338000000001,40804300,153.934753,154.30621299999999,1
154.28095720000013,29114380.0,154.3208545,33467900.0,153.934753,26257100,156.251419,153.9543,1
154.61364440000014,30253820.0,152.8790665,33530700.0,156.251419,22122700,157.96199,153.670837,0
154.93840640000013,30304300.0,155.09308599999997,24189900.0,157.96199,29465500,157.32664499999998,156.182968,0
155.35797420000014,28956220.0,157.10670449999998,25794100.0,157.32664499999998,27671600,154.30621299999999,156.37846399999998,0
155.45963740000016,29264240.0,157.64431749999997,28568550.0,154.30621299999999,27940600,153.9543,155.684448,1
155.95620400000013,26691500.0,155.81642899999997,27806100.0,153.9543,27428100,153.670837,156.261154,1
155.96011340000013,26925700.0,154.13025649999997,27684350.0,153.670837,26368500,156.182968,157.834915,1
155.44399700000014,27774860.0,153.8125685,26898300.0,156.182968,21604600,156.37846399999998,159.24250800000002,1
155.08819260000013,26202680.0,154.92690249999998,23986550.0,156.37846399999998,19399100,155.684448,159.672623,1
154.89855640000013,24548180.0,156.28071599999998,20501850.0,155.684448,19818900,156.261154,160.307968,1
155.17420340000012,22923840.0,156.031456,19609000.0,156.261154,25480100,157.834915,160.356842,1
155.63557420000012,22534240.0,155.972801,22649500.0,157.834915,25966000,159.24250800000002,158.431183,1
156.46838980000012,22453740.0,157.04803450000003,25723050.0,159.24250800000002,29516900,159.672623,158.26503,0
157.08029780000015,24036200.0,158.53871150000003,27741450.0,159.672623,27269600,160.307968,157.62965400000002,0
157.73912960000013,25610300.0,159.45756550000004,28393250.0,160.307968,26785100,160.356842,155.058868,0
158.66383360000015,27003540.0,159.9902955,27027350.0,160.356842,16591100,158.431183,157.864258,0
159.48297120000012,25225740.0,160.33240500000002,21688100.0,158.431183,29468500,158.26503,157.238647,0
159.60222480000013,25926240.0,159.39401250000003,23029800.0,158.26503,21651700,157.62965400000002,156.055878,0
159.40672920000014,24353200.0,158.34810650000003,25560100.0,157.62965400000002,21928500,155.058868,154.716736,0
158.99813540000014,23284980.0,157.94734200000005,21790100.0,155.058868,28611500,157.864258,156.28071599999998,1
157.94831540000013,23650260.0,156.34426100000002,25270000.0,157.864258,31580800,157.238647,155.097946,0
157.44979860000015,26648200.0,156.461563,30096150.0,157.238647,71714000,156.055878,155.156601,0
157.21129140000014,35097300.0,157.55145250000004,51647400.0,156.055878,44907400,154.716736,152.556503,0
156.76946100000015,39748440.0,156.64726250000004,58310700.0,154.716736,23760700,156.28071599999998,149.93682900000002,0
156.18687740000013,40114880.0,155.38630700000004,34334050.0,156.28071599999998,49114600,155.097946,148.470596,0
156.43124700000016,44215500.0,155.49872600000003,36437650.0,155.097946,28269400,155.156601,147.160751,0
155.87798460000013,43553220.0,155.68933100000004,38692000.0,155.156601,20810600,152.556503,149.692444,0
155.46157540000013,33372540.0,155.12727350000006,24540000.0,152.556503,52951400,149.93682900000002,150.757935,0
154.76170040000014,34981340.0,153.85655200000008,36881000.0,149.93682900000002,37511700,148.470596,149.82931499999998,0
153.80571900000012,37731540.0,151.24666600000006,45231550.0,148.470596,46645400,147.160751,150.650375,1
152.24369500000014,37237700.0,149.20371250000005,42078550.0,147.160751,44387300,149.692444,150.347382,1
150.65625600000016,40461280.0,147.81567350000006,45516350.0,149.692444,36660000,150.757935,151.002274,1
149.56342460000013,43631160.0,148.42659750000007,40523650.0,150.757935,25504200,149.82931499999998,150.024796,0
149.20371100000014,38141720.0,150.22518950000006,31082100.0,149.82931499999998,22005500,150.650375,151.891785,1
149.18220820000013,35040480.0,150.29362500000002,23754850.0,150.650375,26299800,150.347382,151.803818,1
149.61816400000015,30971360.0,150.239845,24152650.0,150.347382,18698800,151.002274,152.331665,1
150.25549020000014,25833660.0,150.49887850000005,22499300.0,151.002274,16230300,150.024796,152.390305,1
150.51745620000014,21747720.0,150.67482800000005,17464550.0,150.024796,20163800,151.891785,153.02569599999998,1
150.37082840000016,20679640.0,150.51353500000005,18197050.0,151.891785,21283800,151.803818,152.488052,1
150.78332240000017,20535300.0,150.95829050000006,20723800.0,151.803818,17407600,152.331665,153.45576499999999,1
151.01401100000015,18756860.0,151.84780150000006,19345700.0,152.331665,16262900,152.390305,156.28071599999998,1
151.41086760000013,18269680.0,152.06774150000007,16835250.0,152.390305,15617000,153.02569599999998,156.857437,1
151.68847380000017,18147020.0,152.36098500000008,15939950.0,153.02569599999998,16905600,152.488052,156.163422,1
152.28865380000013,17495380.0,152.70800050000008,16261300.0,152.488052,16125100,153.45576499999999,152.468521,0
152.40790720000012,16463640.0,152.7568740000001,16515350.0,153.45576499999999,16394200,156.28071599999998,152.73242199999999,0
152.73829660000013,16260960.0,152.9719085000001,16259650.0,156.28071599999998,24121500,156.857437,152.654221,0
153.5281068000001,17832680.0,154.86824050000007,20257850.0,156.857437,18997300,156.163422,153.563309,0
154.4215332000001,18508740.0,156.56907650000008,21559400.0,156.163422,16374200,152.468521,152.88884,0
155.0490784000001,18402460.0,156.5104295000001,17685750.0,152.468521,42584200,152.73242199999999,153.866302,1
155.04517220000008,23694280.0,154.3159715000001,29479200.0,152.73242199999999,23974100,152.654221,159.37936399999998,1
154.9005036000001,25210260.0,152.60047150000008,33279150.0,152.654221,21984300,153.563309,162.966751,1
154.1752046000001,24782820.0,152.69332150000008,22979200.0,153.563309,17757200,152.88884,165.23451200000002,1
153.5163790000001,24534800.0,153.1087650000001,19870750.0,152.88884,21207100,153.866302,163.132919,1
152.8614626000001,25501380.0,153.2260745000001,19482150.0,153.866302,17000500,159.37936399999998,164.325455,1
153.1410188000001,20384640.0,153.3775710000001,19103800.0,159.37936399999998,44454200,162.966751,168.616608,1
154.4704072000001,24480660.0,156.62283300000013,30727350.0,162.966751,44700800,165.23451200000002,170.327209,1
156.53291320000008,29023960.0,161.17305750000014,44577500.0,165.23451200000002,36046800,163.132919,170.874619,1
158.86715380000007,32681880.0,164.10063150000013,40373800.0,163.132919,33637800,164.325455,172.272415,1
160.9159696000001,35168020.0,164.18371550000015,34842300.0,164.325455,41393400,168.616608,171.920532,1
163.00780020000008,40046600.0,163.72918700000014,37515600.0,168.616608,59398600,170.327209,171.35153200000002,1
164.8552490000001,43035480.0,166.47103150000015,50396000.0,170.327209,34319500,170.874619,170.664841,1
166.32734060000013,40959220.0,169.47190850000015,46859050.0,170.874619,24361500,172.272415,168.084793,0
167.4553620000001,38622160.0,170.60091400000016,29340500.0,172.272415,24409500,171.920532,165.867737,0
169.2832612000001,36776500.0,171.57351700000015,24385500.0,171.920532,29482600,171.35153200000002,167.84938,0
170.80227660000008,34394340.0,172.09647350000014,26946050.0,171.35153200000002,25145500,170.664841,166.917419,0
171.3492614000001,27543720.0,171.63603200000017,27314050.0,170.664841,16982100,168.084793,166.750641,0
171.41678780000012,24076240.0,171.0081865000002,21063800.0,168.084793,24782500,165.867737,169.850601,1
170.8588226000001,24160440.0,169.37481700000018,20882300.0,165.867737,29158100,167.84938,171.636032,1
169.57788700000012,25110160.0,166.97626500000018,26970300.0,167.84938,23637500,166.917419,171.645859,1
168.76365660000013,23941140.0,166.85855850000019,26397800.0,166.917419,21899500,166.750641,170.782547,1
167.87683400000012,23291940.0,167.38339950000017,22768500.0,166.750641,16262400,169.850601,169.781952,1
167.09399400000012,23148000.0,166.83403000000015,19080950.0,169.850601,25131300,171.636032,166.260147,0
167.44715560000012,23217760.0,168.30062100000015,20696850.0,171.636032,25588900,171.645859,168.58511399999998,0
168.6008146000001,22503920.0,170.74331650000016,25360100.0,171.645859,14026700,170.782547,167.800308,0
169.3601104000001,20581760.0,171.64094550000016,19807800.0,170.782547,20716800,169.781952,166.574081,0
170.1331360000001,20345220.0,171.21420300000017,17371750.0,169.781952,26428800,166.260147,166.417099,0
170.73939820000012,22378500.0,170.28224950000015,23572800.0,166.260147,41666400,168.58511399999998,165.79908799999998,0
170.02130740000013,25685520.0,168.02104950000012,34047600.0,168.58511399999998,41527200,167.800308,166.103195,0
169.4111238000001,28873180.0,167.4226305000001,41596800.0,167.800308,39759300,166.574081,166.152222,0
168.6420136000001,34019700.0,168.19271100000014,40643250.0,166.574081,32542400,166.417099,169.389542,1
167.8003204000001,36384820.0,167.18719450000015,36150850.0,166.417099,27350200,165.79908799999998,168.437973,1
167.1273498000001,36569100.0,166.49559000000016,29946300.0,165.79908799999998,28560000,166.103195,168.997131,1
167.0351380000001,33947820.0,166.10809350000017,27955100.0,166.103195,25673300,166.152222,168.948074,1
166.5387542000001,30777040.0,165.95114150000018,27116650.0,166.152222,23355200,169.389542,170.664841,1
166.2091370000001,27496220.0,166.12770850000018,24514250.0,169.389542,35273800,168.437973,173.068283,1
166.77222920000014,28042500.0,167.7708820000002,29314500.0,168.437973,19409200,168.997131,171.22401399999998,1
167.17640400000013,26454300.0,168.9137575000002,27341500.0,168.997131,23818400,168.948074,171.037628,1
167.81601260000014,25505980.0,168.71755200000018,21613800.0,168.948074,20476500,170.664841,171.685074,1
168.38498840000014,24466620.0,168.9726025000002,22147450.0,170.664841,40169300,173.068283,171.685074,1
169.28751220000012,27829440.0,169.8064575000002,30322900.0,173.068283,29421100,171.22401399999998,167.329453,0
170.02326040000014,26658900.0,171.86656200000021,34795200.0,171.22401399999998,27436400,171.037628,167.358871,0
170.58046860000013,28264340.0,172.1461485000002,28428750.0,171.037628,23475600,171.685074,167.829758,0
170.98856800000016,28195780.0,171.13082100000022,25456000.0,171.685074,20949900,171.685074,166.01490800000002,0
171.5359680000001,28290460.0,171.36135100000018,22212750.0,171.685074,16114600,167.329453,168.98731999999998,0
171.74001460000014,23479520.0,171.68507400000016,18532250.0,167.329453,33185500,167.358871,168.957886,1
170.59224860000012,24232400.0,169.50726350000016,24650050.0,167.358871,21498200,167.829758,169.742706,1
169.81922000000014,23044760.0,167.34416200000015,27341850.0,167.829758,16480200,166.01490800000002,171.675278,1
169.17764600000012,21645680.0,167.59431450000014,18989200.0,166.01490800000002,25884400,168.98731999999998,171.037628,1
168.04361280000012,22632580.0,166.92233300000015,21182300.0,168.98731999999998,25555900,168.957886,171.01800500000002,1
167.50406200000012,24520840.0,167.50111400000014,25720150.0,168.957886,29517900,169.742706,170.97876000000002,1
167.82974860000013,23787320.0,168.97260300000016,27536900.0,169.742706,22434600,171.675278,171.949951,1
168.30651560000013,23974600.0,169.35029600000018,25976250.0,171.675278,23660000,171.037628,173.725571,1
169.07561960000015,25410560.0,170.7089920000002,23047300.0,171.037628,20567800,171.01800500000002,172.842682,1
170.08016360000016,24347240.0,171.35645300000022,22113900.0,171.01800500000002,21584000,170.97876000000002,175.697388,1
170.48630060000016,23552860.0,171.02781650000023,21075900.0,170.97876000000002,23959900,171.949951,175.85433999999998,1
170.89047540000018,22441260.0,170.99838250000022,22771950.0,171.949951,18667700,173.725571,175.06955,1
171.33192440000016,21687880.0,171.46435550000018,21313800.0,173.725571,25226000,172.842682,173.637283,0
171.74198300000018,22001080.0,172.8377610000002,21946850.0,172.842682,29565900,175.697388,173.676514,1
172.10299380000015,23800700.0,173.2841265000002,27395950.0,175.697388,34386800,175.85433999999998,170.91008,0
173.03887040000015,26361260.0,174.2700350000002,31976350.0,175.85433999999998,31193400,175.06955,167.859161,0
174.01398640000016,27807960.0,175.77586400000018,32790100.0,175.06955,32425100,173.637283,168.251556,0
174.63790620000015,30559440.0,175.46194500000016,31809250.0,173.637283,27108600,173.676514,164.769012,0
174.62024860000014,30935960.0,174.35341650000015,29766850.0,173.676514,32689100,170.91008,163.79783600000002,0
174.78701500000017,31560600.0,173.65689850000015,29898850.0,170.91008,51105100,167.859161,164.249084,0
173.82955340000018,34904260.0,172.29329700000017,41897100.0,167.859161,41529000,168.251556,164.592438,0
172.23051760000018,36971380.0,169.38462050000015,46317050.0,168.251556,39143000,164.769012,157.45074499999998,0
170.8669188000002,38314960.0,168.05535850000015,40336000.0,164.769012,50640400,163.79783600000002,153.516953,0
169.0932646000002,43021320.0,166.51028400000018,44891700.0,163.79783600000002,46048200,164.249084,159.932663,0
167.1175290000002,45693140.0,164.2834240000002,48344300.0,164.249084,32478900,164.592438,156.508972,0
165.7853298000002,41967900.0,164.02346000000023,39263550.0,164.592438,47230800,157.45074499999998,152.202393,0
165.1319852000002,43108260.0,164.42076100000023,39854850.0,157.45074499999998,86593800,153.516953,154.064056,0
162.97182300000023,52598420.0,161.02159150000023,66912300.0,153.516953,72738500,159.932663,160.269562,1
160.72141120000023,57018040.0,155.48384900000025,79666150.0,159.932663,68243800,156.508972,161.875107,1
159.94837660000024,61457160.0,156.72480800000025,70491150.0,156.508972,51608600,152.202393,164.85965,1
158.40035420000024,65283100.0,158.22081750000027,59926200.0,152.202393,54390500,154.064056,170.39536999999999,1
155.92234520000025,66715040.0,154.35568250000026,52999550.0,154.064056,70672600,160.269562,169.843765,1
155.24500740000025,63530800.0,153.13322450000027,62531550.0,160.269562,60819500,161.875107,169.27246100000002,1
156.59552920000024,61147000.0,157.16680900000028,65746050.0,161.875107,32549200,164.85965,168.504166,1
156.98401800000025,54008080.0,161.0723345000003,46684350.0,164.85965,40644900,170.39536999999999,169.912704,1
158.65415360000026,51815340.0,163.36737850000029,36597050.0,170.39536999999999,51147200,169.843765,172.867706,1
162.29274900000024,51166680.0,167.62751000000029,45896050.0,169.843765,40176100,169.27246100000002,176.285675,1
165.4486908000002,45067380.0,170.1195675000003,45661650.0,169.27246100000002,33930500,168.504166,175.71438600000002,1
167.24927060000022,39689580.0,169.55811300000033,37053300.0,168.504166,37471600,169.912704,175.44841,1
168.5750824000002,40674060.0,168.88831350000032,35701050.0,169.912704,30991900,172.867706,172.375214,1
169.5856932000002,38743460.0,169.2084350000003,34231750.0,172.867706,33812400,176.285675,173.567078,1
170.0801604000002,35276500.0,171.3902050000003,32402150.0,176.285675,38162200,175.71438600000002,174.167923,0
171.36854240000022,34873720.0,174.57669050000032,35987300.0,175.71438600000002,38928100,175.44841,174.020172,0
172.65692740000023,35873240.0,176.00003050000032,38545150.0,175.44841,37782100,172.375214,172.40476999999998,0
174.04577620000023,35935340.0,175.58139800000032,38355100.0,172.375214,48802000,173.567078,174.286118,1
174.5382782000002,39497360.0,173.91181200000034,43292050.0,173.567078,38454000,174.167923,177.280518,1
174.6781526000002,40425680.0,172.97114600000037,43628000.0,174.167923,28401400,174.020172,178.994415,1
174.2546022000002,38473520.0,173.86750050000035,33427700.0,174.020172,23788500,172.40476999999998,177.27066000000002,1
173.91575940000024,35445600.0,174.09404750000033,26094950.0,172.40476999999998,31703500,174.286118,175.763611,1
173.30703140000023,34229880.0,173.21247100000033,27746000.0,174.286118,23774100,177.280518,175.970459,1
173.6892122000002,29224300.0,173.34544400000033,27738800.0,177.280518,32185200,178.994415,175.34991499999998,0
174.4319002000002,27970540.0,175.78331800000035,27979650.0,178.994415,32207100,177.27066000000002,172.67073100000002,0
175.39719860000022,28731680.0,178.13746650000036,32196150.0,177.27066000000002,31693500,175.763611,172.611618,0
176.04729620000026,30312680.0,178.13253750000035,31950300.0,175.763611,29368400,175.970459,168.701157,0
176.71906440000026,29845660.0,176.51713550000034,30530950.0,175.970459,22743800,175.34991499999998,166.317459,0
177.0559326000003,29639600.0,175.86703500000033,26056100.0,175.34991499999998,39404700,172.67073100000002,162.466095,0
176.66981200000026,31083500.0,175.66018700000035,31074250.0,172.67073100000002,33446800,172.611618,170.17868,0
175.40507520000025,31331440.0,174.01032300000037,36425750.0,172.611618,19649400,168.701157,165.815109,0
174.47326680000026,28922620.0,172.64117450000037,26548100.0,168.701157,36338100,166.317459,163.983002,0
173.0607760000003,30316560.0,170.65638750000033,27993750.0,166.317459,41490800,162.466095,165.263504,0
171.1301760000003,34065960.0,167.50930800000032,38914450.0,162.466095,41028800,170.17868,164.18000800000002,1
168.55341200000026,34390780.0,164.39177700000033,41259800.0,170.17868,37541200,165.815109,165.864349,0
168.05500180000027,35209660.0,166.32238750000033,39285000.0,165.815109,40922600,163.983002,169.036072,1
166.69570000000027,39464300.0,167.99689450000034,39231900.0,163.983002,41668500,165.263504,170.20820600000002,1
165.75206900000026,40530380.0,164.89905550000032,41295550.0,165.263504,38398500,164.18000800000002,165.854523,1
165.54127800000026,39911920.0,164.62325300000032,40033500.0,164.18000800000002,37586800,165.864349,167.49946599999998,1
165.88406060000028,39223520.0,164.72175600000034,37992650.0,165.864349,30278000,169.036072,170.65145900000002,1
165.0211944000003,37770880.0,165.02217850000034,33932400.0,169.036072,34605500,170.20820600000002,169.853622,1
165.6653870000003,36507460.0,167.4502105000003,32441750.0,170.20820600000002,26933200,165.854523,171.528107,1
166.9104278000003,33560400.0,169.62213900000032,30769350.0,165.854523,35005300,167.49946599999998,172.109268,1
167.0286316000003,32881760.0,168.03136450000034,30969250.0,167.49946599999998,29017700,170.65145900000002,173.182922,1
167.69252320000027,31167940.0,166.67699450000032,32011500.0,170.65145900000002,28408600,169.853622,175.56662,1
168.64994520000027,30794060.0,169.07546250000036,28713150.0,169.853622,22431600,171.528107,175.172607,1
168.81345520000028,28359280.0,170.25254050000035,25420100.0,171.528107,22889300,172.109268,170.20820600000002,0
169.07743540000027,27550500.0,170.69086450000032,22660450.0,172.109268,25124300,173.182922,163.23439,0
170.3283844000003,25574300.0,171.8186875000003,24006800.0,173.182922,21578400,175.56662,162.761597,0
171.46507560000026,24086440.0,172.6460950000003,23351350.0,175.56662,26509000,175.172607,160.49610900000002,0
172.4481078000003,23706520.0,174.37477100000032,24043700.0,175.172607,20754500,170.20820600000002,161.19545,0
173.5119048000003,23371100.0,175.36961350000036,23631750.0,170.20820600000002,34808800,163.23439,161.756912,0
173.2479246000003,25755000.0,172.69040650000036,27781650.0,163.23439,65491100,162.761597,159.88540600000002,0
171.47294900000028,33828360.0,166.7212980000004,50149950.0,162.761597,36515500,160.49610900000002,162.781296,1
169.3886840000003,36815780.0,162.99799350000038,51003300.0,160.49610900000002,33692000,161.19545,166.563705,1
166.3745818000003,38252380.0,161.6288530000004,35103750.0,161.19545,28382100,161.756912,173.921677,1
163.5791504000003,39777900.0,160.8457795000004,31037050.0,161.756912,27963000,159.88540600000002,174.236862,1
161.8888916000003,38408740.0,161.4761810000004,28172550.0,159.88540600000002,35655800,162.781296,181.072769,1
161.2190948000003,32441680.0,160.8211590000004,31809400.0,162.781296,42427400,166.563705,182.382813,1
161.2230346000003,33624060.0,161.3333510000004,39041600.0,166.563705,53569400,173.921677,183.259476,1
162.4365538000003,37599540.0,164.6725005000004,47998400.0,173.921677,66539400,174.236862,184.549835,1
164.9817992000003,45231000.0,170.2426910000004,60054400.0,174.236862,34068200,181.072769,187.189621,1
167.47778920000027,46452040.0,174.0792695000004,50303800.0,181.072769,56201300,182.382813,186.477692,1
171.7152618000003,50561140.0,177.6548155000004,45134750.0,182.382813,42451400,183.259476,186.042618,1
175.63556520000026,50565940.0,181.72779100000042,49326350.0,183.259476,28402800,184.549835,184.351776,1
178.97471940000028,45532620.0,182.82114450000046,35427100.0,184.549835,23211200,187.189621,186.07226599999998,1
181.10035100000027,36866980.0,183.90465550000047,25807000.0,187.189621,27989300,186.477692,184.895615,0
183.6909028000003,35651200.0,185.86972800000044,25600250.0,186.477692,26212200,186.042618,184.223236,0
184.77188740000025,29653380.0,186.83365650000042,27100750.0,186.042618,20778800,184.351776,185.52844199999998,0
185.5038484000003,25318860.0,186.2601550000004,23495500.0,184.351776,23695200,186.07226599999998,185.063721,1
185.7223084000003,24377340.0,185.1971970000004,22237000.0,186.07226599999998,19183100,184.895615,186.250259,1
186.02679460000027,23571720.0,185.21202100000036,21439150.0,184.895615,17294000,184.223236,186.042618,1
185.56799340000026,21432660.0,185.48394050000036,18238550.0,184.223236,18297700,185.52844199999998,186.467804,1
185.11710220000026,19849760.0,184.55942550000037,17795850.0,185.52844199999998,18400800,185.063721,185.795425,1
185.0142670000003,19374160.0,184.87583900000033,18349250.0,185.063721,15240700,186.250259,185.399887,1
185.15665600000028,17683260.0,185.2960815000003,16820750.0,186.250259,20058400,186.042618,184.776947,0
185.19225460000027,17858320.0,185.65699000000032,17649550.0,186.042618,23234000,186.467804,188.109222,1
185.4216552000003,19046320.0,186.14643850000033,21646200.0,186.467804,17461000,185.795425,189.681396,1
185.87056880000029,18878980.0,186.25521100000032,20347500.0,185.795425,22514100,185.399887,191.144821,1
185.92396540000027,19701640.0,186.13161450000032,19987550.0,185.399887,18690500,184.776947,191.80731200000002,1
185.99119860000027,20391600.0,185.5976560000003,20602300.0,184.776947,27482800,188.109222,191.293152,1
185.69653620000028,21876480.0,185.08841700000028,23086650.0,188.109222,23442500,189.681396,189.55285600000002,1
186.1098570000003,21918180.0,186.44308450000028,25462650.0,189.681396,26266200,191.144821,189.08813500000002,0
186.75257540000027,23679220.0,188.89530900000025,24854350.0,191.144821,21566000,191.80731200000002,190.126358,0
187.82245460000027,23489600.0,190.41310850000028,23916100.0,191.80731200000002,20933600,191.293152,188.564056,0
189.10393960000027,23938220.0,191.47606650000031,21249800.0,191.293152,21347200,189.55285600000002,188.662933,0
190.40718060000026,22711100.0,191.55023200000034,21140400.0,189.55285600000002,26656800,189.08813500000002,186.724884,0
190.69590740000027,23353960.0,190.42300400000033,24002000.0,189.08813500000002,18308500,190.126358,186.626022,0
190.57725520000025,21762420.0,189.32049550000033,22482650.0,190.126358,16911100,188.564056,183.610168,0
190.37356260000027,20831440.0,189.60724650000031,17609800.0,188.564056,21638400,188.662933,184.411102,0
189.72491140000028,20972400.0,189.34520700000027,19274750.0,188.662933,21610100,186.724884,183.382751,0
189.19886760000026,21024980.0,188.6134945000003,21624250.0,186.724884,61719200,186.626022,182.84878500000002,0
188.63327320000025,28037460.0,187.69390850000028,41664650.0,186.626022,18484900,183.610168,180.12960800000002,0
188.14085060000025,28072740.0,186.67545300000026,40102050.0,183.610168,33578500,184.411102,182.364288,0
186.83761260000023,31406220.0,185.11809500000027,26031700.0,184.411102,20628700,183.382751,182.097321,0
186.00702180000025,31204280.0,184.01063500000026,27103600.0,183.382751,25711900,182.84878500000002,183.422302,1
184.95098540000026,32024640.0,183.89692650000026,23170300.0,182.84878500000002,27200400,180.12960800000002,183.036682,1
184.1757656000003,25120880.0,183.11576800000023,26456150.0,180.12960800000002,31663100,182.364288,185.083466,1
182.87648280000028,27756520.0,181.48919650000022,29431750.0,182.364288,24569200,182.097321,181.85998500000002,0
182.62730680000027,25954660.0,181.2469480000002,28116150.0,182.097321,25285300,183.422302,183.32341,1
182.16455060000027,26885980.0,182.23080450000018,24927250.0,183.422302,17365200,183.036682,185.864655,1
182.17246080000024,25216640.0,182.75981150000018,21325250.0,183.036682,22737700,185.083466,188.445404,1
182.21004020000026,24324100.0,183.22949200000022,20051450.0,185.083466,17731300,181.85998500000002,188.217972,1
183.20081180000025,21537740.0,184.06007400000018,20234500.0,181.85998500000002,13954800,183.32341,185.77565,1
183.09995120000025,19414860.0,183.47172550000016,15843050.0,183.32341,16604200,185.864655,188.890366,1
183.34516900000025,17678640.0,182.59169750000015,15279500.0,185.864655,17485200,188.445404,189.187012,1
183.83363960000028,17702640.0,184.59403250000014,17044700.0,188.445404,19756600,188.217972,188.77171299999998,1
184.9153840000003,17106420.0,187.15502950000018,18620900.0,188.217972,15939100,185.77565,189.30566399999998,1
185.5422852000003,16747980.0,188.3316880000002,17847850.0,185.77565,18831500,188.890366,188.26741,1
186.32541820000029,17723320.0,186.99681100000024,17385300.0,188.890366,18041100,189.187012,189.73085,1
187.4388094000003,18010700.0,187.33300800000023,18436300.0,189.187012,12513900,188.77171299999998,189.295776,1
188.10328080000033,17016440.0,189.0386890000002,15277500.0,188.77171299999998,15043100,189.30566399999998,189.463867,1
188.1685426000003,16073740.0,188.9793625000002,13778500.0,189.30566399999998,15534500,188.26741,190.838303,1
188.3860810000003,15992820.0,189.0386885000002,15288800.0,188.26741,16393400,189.73085,192.637924,1
188.8844330000003,15505200.0,188.78653700000024,15963950.0,189.73085,20286800,189.295776,192.03476,1
189.0525298000003,15954340.0,188.99913000000026,18340100.0,189.295776,20676200,189.463867,188.840912,0
189.07428260000032,17586800.0,189.5133130000002,20481500.0,189.463867,15989400,190.838303,187.78291299999998,0
189.21271340000033,17776060.0,189.37982150000022,18332800.0,190.838303,18697900,192.637924,188.158646,0
189.5192412000003,18408740.0,190.15108500000022,17343650.0,192.637924,16709900,192.03476,199.243088,1
190.39334400000033,18472040.0,191.73811350000025,17703900.0,192.03476,19076000,188.840912,205.067123,1
190.85412600000035,18229880.0,192.3363420000003,17892950.0,188.840912,24024000,187.78291299999998,205.660416,1
190.76315320000035,18899440.0,190.4378360000003,21550000.0,187.78291299999998,21029500,188.158646,206.728317,1
190.42696240000038,19907460.0,188.3119125000003,22526750.0,188.158646,39373000,199.243088,204.790268,1
189.8910310000004,24042480.0,187.97077950000028,30201250.0,199.243088,67935700,205.067123,204.928696,1
191.21206380000038,34287640.0,193.70086700000024,53654350.0,205.067123,62404000,205.660416,206.540436,1
193.81853640000037,42953240.0,202.15510550000027,65169850.0,205.660416,33447400,206.728317,205.925232,1
197.18243720000035,44837920.0,205.3637695000003,47925700.0,206.728317,25425400,204.790268,207.254883,1
200.97151800000034,45717100.0,206.19436650000029,29436400.0,204.790268,25587400,204.928696,208.128067,1
204.29784240000032,42959980.0,205.75929250000027,25506400.0,204.928696,22525500,206.540436,208.614273,1
205.43496400000035,33877940.0,204.85948200000027,24056450.0,206.540436,23469200,205.925232,211.670471,1
205.72962660000036,26090980.0,205.7345660000003,22997350.0,205.925232,24611200,207.254883,215.897522,1
205.78258980000038,24323740.0,206.23283400000034,24040200.0,207.254883,25869100,208.128067,213.79393,1
205.88790300000036,24412480.0,206.59005750000034,25240150.0,208.128067,20748000,208.614273,213.377167,1
206.55546280000038,23444600.0,207.69147500000034,23308550.0,208.614273,28807600,211.670471,213.387085,1
207.29257820000038,24701020.0,208.37117000000032,24777800.0,211.670471,28500400,215.897522,213.823685,1
208.31858520000037,25707260.0,210.1423720000003,28654000.0,215.897522,35427000,213.79393,214.48849500000003,0
210.31304320000035,27870420.0,213.78399650000028,31963700.0,213.79393,30287700,213.377167,216.254745,1
211.62085260000035,28754140.0,214.8457260000003,32857350.0,213.377167,26159800,213.387085,218.001129,1
212.6706726000003,29836500.0,213.5855485000003,28223750.0,213.387085,19018100,213.823685,221.25575299999997,1
213.62523500000034,27878600.0,213.38212600000034,22588950.0,213.823685,18883200,214.48849500000003,223.289917,1
214.05587780000036,25955160.0,213.60538500000035,18950650.0,214.48849500000003,18476400,216.254745,225.86981200000002,1
213.7740724000004,22565040.0,214.15609000000038,18679800.0,216.254745,20525100,218.001129,226.594162,1
214.26623540000037,20612520.0,215.37162000000038,19500750.0,218.001129,22776800,221.25575299999997,225.115677,1
215.1910278000004,19935920.0,217.12793700000032,21650950.0,221.25575299999997,27254800,223.289917,221.37484700000002,1
216.76476140000037,21583260.0,219.62844100000027,25015800.0,223.289917,48793800,225.86981200000002,219.58876,0
218.65800780000035,27565380.0,222.27283500000027,38024300.0,225.86981200000002,43340100,226.594162,216.641724,0
220.93427120000032,32538120.0,224.5798645000003,46066950.0,226.594162,27390100,225.115677,222.11904900000002,0
223.00215460000035,33911120.0,226.23198700000032,35365100.0,225.115677,33333000,221.37484700000002,219.36055,0
224.42506420000035,36022360.0,225.85491950000034,30361550.0,221.37484700000002,34290000,219.58876,224.659256,1
224.4488830000004,37429400.0,223.24526200000037,33811500.0,219.58876,37619800,216.641724,222.1091,1
223.7086516000004,35194600.0,220.48180350000035,35954900.0,216.641724,39516500,222.11904900000002,216.195206,0
221.86303400000043,34429880.0,218.1152420000003,38568150.0,222.11904900000002,35749000,219.36055,216.552414,0
220.9680114000004,36101660.0,219.38038650000033,37632750.0,219.36055,49278700,224.659256,216.68141200000002,0
219.8169860000004,39290800.0,220.73979950000032,42513850.0,224.659256,41706400,222.1091,218.328583,0
220.4738678000004,40774080.0,222.0099030000003,45492550.0,222.1091,31999300,216.195206,215.976913,0
220.97793580000035,39649980.0,223.3841780000003,36852850.0,216.195206,37195100,216.552414,219.08268700000002,1
220.88863220000036,39185700.0,219.15215300000028,34597200.0,216.552414,31571700,216.68141200000002,220.47187799999998,1
219.77530520000036,38350240.0,216.37381000000028,34383400.0,216.68141200000002,27123800,218.328583,218.71556099999998,1
219.23947760000038,33919260.0,216.6169130000003,29347750.0,218.328583,26608800,215.976913,223.210526,1
217.9733430000004,30899740.0,217.5049975000003,26866300.0,215.976913,96246700,219.08268700000002,223.994431,1
216.74690560000036,43749220.0,217.15274800000026,61427750.0,219.08268700000002,27693400,220.47187799999998,225.50267000000002,1
217.32440180000035,41848880.0,217.52980000000025,61970050.0,220.47187799999998,24554400,218.71556099999998,227.50705,1
218.10829460000036,40445420.0,219.77728250000024,26123900.0,218.71556099999998,23984700,223.210526,230.27548199999998,1
218.51512440000033,39817600.0,219.59371950000022,24269550.0,223.210526,30181200,223.994431,226.227036,1
219.49151300000034,40532080.0,220.96304350000025,27082950.0,223.994431,22929400,225.50267000000002,222.555634,0
221.09501660000038,25868620.0,223.60247850000025,26555300.0,225.50267000000002,23600800,227.50705,222.039658,0
222.37901320000037,25050100.0,224.74855050000025,23265100.0,227.50705,24788200,230.27548199999998,225.115677,0
223.78604760000036,25096860.0,226.5048600000003,24194500.0,230.27548199999998,28654800,226.227036,214.686966,0
226.09803180000034,26030880.0,228.8912660000003,26721500.0,226.227036,32042000,222.555634,212.791718,0
226.70133380000033,26403040.0,228.25125900000032,30348400.0,222.555634,33580500,222.039658,220.392502,0
226.41357440000033,28533260.0,224.3913350000003,32811250.0,222.039658,29663900,225.115677,215.67923,0
225.7209720000003,29745880.0,222.29764600000033,31622200.0,225.115677,26891000,214.686966,220.432175,0
225.2426974000003,30166440.0,223.57766750000033,28277450.0,214.686966,41990600,212.791718,219.47961400000003,1
222.12499420000032,32833600.0,219.90132150000034,34440800.0,212.791718,53124400,220.392502,214.349579,1
219.4379306000003,37050080.0,213.7393420000003,47557500.0,220.392502,40337900,215.67923,217.61415099999996,0
219.00530420000027,38401560.0,216.59211000000033,46731150.0,215.67923,30791000,220.432175,218.943771,1
217.73321860000027,38626980.0,218.0358660000003,35564450.0,220.432175,29184000,219.47961400000003,221.00769,1
216.79651820000026,39085580.0,218.05570250000028,29987500.0,219.47961400000003,22885400,214.349579,213.426773,0
217.75504780000028,35264540.0,219.95589450000034,26034700.0,214.349579,32581300,217.61415099999996,218.10035699999997,1
218.06662000000028,31155920.0,216.9145965000003,27733350.0,217.61415099999996,33078700,218.943771,214.627411,0
217.5109498000003,29704080.0,215.98186500000028,32830000.0,218.943771,28792100,221.00769,210.59883100000002,0
218.1638580000003,29304300.0,218.2789610000003,30935400.0,221.00769,38767800,213.426773,211.65062000000003,0
218.2789610000003,31221060.0,219.97573050000028,33779950.0,213.426773,40925500,218.10035699999997,217.167618,1
217.06839280000025,34829080.0,217.2172315000003,39846650.0,218.10035699999997,29855800,214.627411,220.501633,1
217.81854840000028,34283980.0,215.76356500000026,35390650.0,214.627411,47258400,210.59883100000002,205.87561000000002,0
217.22120040000027,37119920.0,216.36388400000027,38557100.0,210.59883100000002,45935500,211.65062000000003,200.031158,0
215.5522124000003,40548600.0,212.6131210000003,46596950.0,211.65062000000003,36660000,217.167618,202.194321,0
213.68079840000033,40127040.0,211.12472550000032,41297750.0,217.167618,38358900,220.501633,208.32650800000002,0
214.42896740000032,39613720.0,214.40911900000032,37509450.0,220.501633,58323200,205.87561000000002,207.599655,0
214.90922260000033,45307200.0,218.8346255000003,48341050.0,205.87561000000002,91328700,200.031158,203.596817,0
213.15886240000037,54121260.0,213.18862150000032,74825950.0,200.031158,66163700,202.194321,193.34079,0
211.04532780000036,58166900.0,202.9533840000003,78746200.0,202.194321,31882900,208.32650800000002,191.409073,0
209.15406800000034,57211480.0,201.11273950000032,49023300.0,208.32650800000002,33424400,207.599655,186.002274,0
207.38584600000036,56224580.0,205.2604145000003,32653650.0,207.599655,25362600,203.596817,190.59259,0
204.80545040000032,49632460.0,207.9630815000003,29393500.0,203.596817,34365800,193.34079,192.703537,0
204.34969180000036,38239880.0,205.59823600000033,29864200.0,193.34079,51135500,191.409073,185.066284,0
203.01161820000033,35234240.0,198.46880350000032,42750650.0,191.409073,46882900,186.002274,176.224197,0
200.85456860000036,38234240.0,192.37493150000034,49009200.0,186.002274,60801000,190.59259,176.025055,0
196.38972180000036,43709560.0,188.70567350000033,53841950.0,190.59259,46478800,192.703537,171.55423000000002,0
192.98830880000037,47932800.0,188.2974320000003,53639900.0,192.703537,36928300,185.066284,173.87428300000002,0
190.80965280000038,48445300.0,191.6480635000003,41703550.0,185.066284,41925300,176.224197,173.495911,0
189.15475160000037,46603260.0,188.88491050000027,39426800.0,176.224197,67825200,176.025055,180.167297,1
186.11777640000037,50791720.0,180.64524050000028,54875250.0,176.025055,31124200,171.55423000000002,178.78323400000002,1
184.1223326000004,44856360.0,176.12462600000026,49474700.0,171.55423000000002,23624000,173.87428300000002,177.817383,1
180.3146606000004,40285400.0,173.78964250000024,27374100.0,173.87428300000002,44998500,173.495911,184.030731,1
176.5488098000004,41899440.0,172.71425650000023,34311250.0,173.495911,41387400,180.167297,175.93545500000002,1
174.23473520000044,41791860.0,173.68509700000024,43192950.0,180.167297,46062500,178.78323400000002,173.97386200000003,0
175.02335520000042,37439320.0,176.83160400000025,43724950.0,178.78323400000002,41770000,177.817383,167.770477,0
175.5749910000004,39568480.0,179.47526550000026,43916250.0,177.817383,39531500,184.030731,168.875732,0
176.82762160000044,42749980.0,178.30030850000026,40650750.0,184.030731,40802500,175.93545500000002,167.909866,0
178.85891120000045,41910780.0,180.9240570000003,40167000.0,175.93545500000002,41344300,173.97386200000003,168.377869,0
179.34682000000043,41902160.0,179.9830930000003,41073400.0,173.97386200000003,43098400,167.770477,170.219955,0
178.10813300000046,41309340.0,174.9546585000003,42221350.0,167.770477,42281600,168.875732,164.773315,0
175.90558160000046,41411660.0,170.87216950000027,42690000.0,168.875732,62026000,167.909866,163.239899,0
174.11725140000044,45910560.0,168.32310450000023,52153800.0,167.909866,47281700,168.377869,165.36080900000002,0
170.89307840000043,47206400.0,168.3927990000002,54653850.0,168.377869,35627700,170.219955,160.202927,0
169.38156120000042,46063080.0,168.14386750000023,41454700.0,170.219955,31898600,164.773315,156.160263,0
168.63077980000043,43823120.0,169.29891200000026,33763150.0,164.773315,40703700,163.239899,150.086304,0
168.0313474000004,43507540.0,167.49663500000025,36301150.0,163.239899,44287900,165.36080900000002,146.202972,0
166.90418080000043,39959920.0,164.00660700000026,42495800.0,165.36080900000002,33841500,160.202927,156.49881000000002,0
166.39436940000044,37271880.0,164.30035400000025,39064700.0,160.202927,49047300,156.160263,155.483154,0
164.75938100000042,39955800.0,162.78186800000026,41444400.0,156.160263,64773000,150.086304,155.56282,0
161.94744260000041,46530680.0,158.18159500000024,56910150.0,150.086304,95744600,146.202972,157.066376,1
159.0100404000004,57538860.0,153.12328350000027,80258800.0,146.202972,37169200,156.49881000000002,157.245605,1
155.6026550000004,56115120.0,148.14463800000027,66456900.0,156.49881000000002,58582500,155.483154,141.58277900000002,0
153.8302552000004,61063320.0,151.35089100000027,47875850.0,155.483154,53117100,155.56282,147.626846,0
152.88630060000042,61877280.0,155.9909820000003,55849800.0,155.56282,42291400,157.066376,147.298264,0
152.7668120000004,57380960.0,155.52298700000028,47704250.0,157.066376,35003500,157.245605,150.106216,0
154.1628264000004,45232740.0,156.31459800000027,38647450.0,157.245605,37039700,141.58277900000002,152.65528899999998,0
156.3713530000004,45206840.0,157.15599050000029,36021600.0,141.58277900000002,91244100,147.626846,153.143204,1
153.3881468000004,51739160.0,149.4141920000003,64141900.0,147.626846,58607100,147.298264,151.639633,1
151.8168852000004,52837160.0,144.6048125000003,74925600.0,147.298264,54777800,150.106216,149.359421,1
150.16397400000042,55334440.0,147.46255500000026,56692450.0,150.106216,41025300,152.65528899999998,152.41632099999998,1
148.77194200000042,56538800.0,148.70224000000024,47901550.0,152.65528899999998,45099100,153.143204,154.27833600000002,1
147.8538788000004,58150680.0,151.38075250000026,43062200.0,153.143204,35780700,151.639633,155.194397,1
150.16596380000038,47058000.0,152.89924650000023,40439900.0,151.639633,27023200,149.359421,156.15031399999998,1
150.96852120000037,40741220.0,152.39141850000024,31401950.0,149.359421,32439200,152.41632099999998,152.64534,1
151.38075260000036,36273500.0,150.49952700000023,29731200.0,152.41632099999998,28710900,154.27833600000002,153.26268000000002,1
151.84277360000036,33810620.0,150.88787100000022,30575050.0,154.27833600000002,30569700,155.194397,152.047897,0
152.16738300000034,30904740.0,153.34732850000023,29640300.0,155.194397,29821200,156.15031399999998,157.086288,1
152.57762160000033,29712840.0,154.73636650000023,30195450.0,156.15031399999998,33751000,152.64534,155.632523,0
153.47975780000033,31058400.0,155.6723555000002,31786100.0,152.64534,30394000,153.26268000000002,154.01944,1
154.13694160000034,30649360.0,154.39782700000023,32072500.0,153.26268000000002,23130600,152.047897,164.544296,1
154.30621340000033,29533300.0,152.95401000000027,26762300.0,152.047897,25441500,157.086288,165.729218,1
153.86012560000034,28507660.0,152.65528850000027,24286050.0,157.086288,33535500,155.632523,165.808884,1
154.23850380000036,29250520.0,154.56709250000023,29488500.0,155.632523,26192100,154.01944,170.518677,1
154.13494560000035,27738740.0,156.3594055000002,29863800.0,154.01944,41587200,164.544296,173.436157,1
154.40976560000036,29977380.0,154.82598150000024,33889650.0,164.544296,61109800,165.729218,173.495911,1
156.66608880000035,37573220.0,159.28186800000026,51348500.0,165.729218,40739600,165.808884,170.21000700000002,1
159.40235300000035,40632840.0,165.13675700000027,50924700.0,165.808884,32668100,170.518677,170.41000400000001,1
161.14687220000036,40459360.0,165.76905100000027,36703850.0,170.518677,31495500,173.436157,169.429993,0
164.12410300000036,41520040.0,168.16378050000029,32081800.0,173.436157,36101600,173.495911,170.889999,0
168.00744640000033,40422920.0,171.9774170000003,33798550.0,173.495911,28239600,170.21000700000002,170.179993,0
169.79776940000033,33848880.0,173.46603400000026,32170600.0,170.21000700000002,31741700,170.41000400000001,170.800003,1
170.69392720000033,32049300.0,171.85295900000028,29990650.0,170.41000400000001,23820000,169.429993,170.419998,1
171.61415120000032,30279680.0,170.31000550000033,27780850.0,169.429993,20993400,170.889999,170.929993,1
171.3964144000003,28179260.0,169.9199985000003,22406700.0,170.889999,22283500,170.179993,172.029999,1
170.88718280000032,25415640.0,170.1599960000003,21638450.0,170.179993,22490200,170.800003,171.059998,1
170.22399920000035,24265760.0,170.53499600000032,22386850.0,170.800003,21835700,170.419998,172.970001,1
170.34199840000036,22284560.0,170.48999800000033,22162950.0,170.419998,24626800,170.929993,174.229996,1
170.34399720000033,22445920.0,170.61000050000035,23231250.0,170.929993,18972800,172.029999,174.330002,1
170.64399720000034,22041800.0,170.67499550000034,21799800.0,172.029999,26114400,171.059998,174.869995,1
170.87199720000035,22807980.0,171.47999600000037,22543600.0,171.059998,17249700,172.970001,173.149994,1
171.04799820000034,21759880.0,171.54499850000036,21682050.0,172.970001,18913200,174.229996,174.970001,1
171.48199780000033,21175380.0,172.01499950000039,18081450.0,174.229996,21873400,174.330002,175.850006,1
172.24399740000032,20624700.0,173.5999985000004,20393300.0,174.330002,17070200,174.869995,175.529999,1
172.92399920000034,20244180.0,174.27999900000037,19471800.0,174.869995,27835400,173.149994,174.520004,0
173.49199840000034,20588380.0,174.59999850000037,22452800.0,173.149994,28215400,174.970001,172.5,0
173.90999760000037,22781520.0,174.00999450000035,28025400.0,174.970001,25886200,175.850006,172.91000400000001,0
174.30999760000034,24176120.0,174.05999750000035,27050800.0,175.850006,27436200,175.529999,178.899994,1
174.63399960000032,25288680.0,175.41000350000036,26661200.0,175.529999,19737400,174.520004,180.91000400000001,1
174.87399900000034,25822120.0,175.69000250000033,23586800.0,174.520004,20810400,172.5,181.71000700000002,1
174.80400080000035,24417120.0,175.02500150000031,20273900.0,172.5,24760900,172.91000400000001,183.729996,1
174.67400200000037,23726220.0,173.51000200000033,22785650.0,172.91000400000001,23999400,178.899994,186.119995,1
174.26200260000036,23348860.0,172.70500200000038,24380150.0,178.899994,32011000,180.91000400000001,188.020004,1
174.87200020000034,24263820.0,175.90499900000037,28005200.0,180.91000400000001,32467600,181.71000700000002,186.529999,1
175.94800120000033,26809860.0,179.90499900000034,32239300.0,181.71000700000002,31032500,183.729996,188.16000400000001,1
177.38600180000034,28854280.0,181.3100055000004,31750050.0,183.729996,23579500,186.119995,195.08999599999999,1
179.63200100000034,28618000.0,182.7200015000004,27306000.0,186.119995,39042900,188.020004,191.050003,1
182.27399920000033,31626700.0,184.92499550000036,31311200.0,188.020004,26219800,186.529999,188.740005,1
184.09800120000034,30468460.0,187.06999950000034,32631350.0,186.529999,31646400,188.16000400000001,186.78999299999998,1
185.2220002000003,30304220.0,187.27500150000031,28933100.0,188.16000400000001,31035200,195.08999599999999,188.470001,1
186.51199960000034,30304760.0,187.3450015000003,31340800.0,195.08999599999999,51034200,191.050003,188.720001,0
188.78399960000033,35795700.0,191.62500000000028,41034700.0,191.050003,42407700,188.740005,189.949997,0
189.77000120000034,36468660.0,193.06999950000025,46720950.0,188.740005,43845300,186.78999299999998,191.240005,1
189.91400140000033,39993760.0,189.89500400000028,43126500.0,186.78999299999998,49800500,188.470001,194.020004,1
189.9660002000003,43624580.0,187.76499900000024,46822900.0,188.470001,29848400,188.720001,195.350006,1
190.0279996000003,43387220.0,187.62999700000023,39824450.0,188.720001,20780400,189.949997,195.690002,1
188.7540006000003,37336460.0,188.59500100000025,25314400.0,189.949997,23564000,191.240005,197.0,1
188.53399940000025,33567720.0,189.3349990000002,22172200.0,191.240005,27862000,194.020004,200.100006,1
189.03399940000028,30371060.0,190.5950010000002,25713000.0,194.020004,22765700,195.350006,199.5,1
190.48000160000032,24964100.0,192.63000450000018,25313850.0,195.350006,23271800,195.690002,200.619995,1
191.8560026000003,23648780.0,194.68500500000022,23018750.0,195.690002,19114300,197.0,198.949997,1
193.2500028000003,23315560.0,195.5200040000002,21193050.0,197.0,18526600,200.100006,198.869995,1
194.66000340000033,22308080.0,196.3450010000002,18820450.0,200.100006,25881700,199.5,199.229996,0
196.43200360000031,21912020.0,198.5500030000002,22204150.0,199.5,35768200,200.619995,199.25,0
197.52800280000028,24512520.0,199.80000300000017,30824950.0,200.619995,21695300,198.949997,203.130005,1
198.5820006000003,24197220.0,200.05999750000018,28731750.0,198.949997,20900800,198.869995,203.860001,1
199.2339996000003,24554520.0,199.7849960000002,21298050.0,198.869995,27760700,199.229996,204.529999,1
199.6079986000003,26401340.0,198.9099960000002,24330750.0,199.229996,17536600,199.25,207.479996,1
199.43399660000028,24732320.0,199.04999550000022,22648650.0,199.25,25696400,203.130005,207.16000400000001,1
199.38399660000033,22717960.0,199.23999800000024,21616500.0,203.130005,28906800,203.860001,205.279999,1
199.8859986000003,24160260.0,201.19000250000022,27301600.0,203.860001,24195800,204.529999,204.300003,1
200.86799940000031,24819260.0,203.49500300000022,26551300.0,204.529999,19439500,207.479996,204.610001,1
202.00000020000033,23155020.0,204.19500000000022,21817650.0,207.479996,23323000,207.16000400000001,200.669998,0
203.65000020000033,24312300.0,206.00499750000023,21381250.0,207.16000400000001,17540600,205.279999,210.520004,1
205.23200100000037,22681140.0,207.32000000000022,20431800.0,205.279999,18543200,204.300003,0.0,0
205.6619998000004,20608420.0,206.2200015000002,18041900.0,204.300003,18649100,204.610001,0.0,0
205.7500002000004,19499080.0,204.79000100000022,18596150.0,204.610001,22204700,200.669998,0.0,0
205.76600060000038,20052120.0,204.4550020000002,20426900.0,200.669998,46534900,210.520004,0.0,0
204.4040010000004,24694500.0,202.6399995000002,34369800.0,210.520004,64713300,0.0,0.0,0
